date,high,low,close,adjclose
2024-04-25,40.000000,35.935001,37.000000,37.000000
2024-04-26,38.880001,35.880001,38.000000,38.000000
2024-04-29,36.939999,34.900002,35.000000,35.000000
2024-04-30,35.099998,32.000000,32.020000,32.020000
2024-05-01,33.630001,31.959999,32.840000,32.840000
2024-05-02,34.220001,32.000000,33.910000,33.910000
2024-05-03,34.950001,32.029999,32.750000,32.750000
2024-05-06,34.869999,31.980000,34.869999,34.869999
2024-05-07,35.299999,33.439999,33.770000,33.770000
2024-05-08,33.750000,33.220001,33.570000,33.570000
2024-05-09,33.830002,32.810001,33.599998,33.599998
2024-05-10,34.529999,33.470001,33.520000,33.520000
2024-05-13,33.730000,32.669998,32.790001,32.790001
2024-05-14,34.271999,32.880001,33.980000,33.980000
2024-05-15,34.889999,33.720001,34.360001,34.360001
2024-05-16,35.709999,34.110001,34.860001,34.860001
2024-05-17,36.570000,34.509998,36.570000,36.570000
2024-05-20,37.400002,35.514999,36.070000,36.070000
2024-05-21,36.208000,35.049999,35.380001,35.380001
2024-05-22,35.939999,33.799999,33.970001,33.970001
2024-05-23,34.381001,32.650002,32.759998,32.759998
2024-05-24,34.259998,32.820000,33.560001,33.560001
2024-05-28,34.537998,32.264999,32.459999,32.459999
2024-05-29,33.279999,31.839001,33.020000,33.020000
2024-05-30,32.910000,29.400000,30.260000,30.260000
2024-05-31,30.980000,29.240999,30.480000,30.480000
2024-06-03,31.594999,30.500000,30.809999,30.809999
2024-06-04,31.799999,30.400000,30.750000,30.750000
2024-06-05,31.469999,30.400000,31.400000,31.400000
2024-06-06,33.669998,31.750000,33.279999,33.279999
2024-06-07,34.130001,32.680000,33.830002,33.830002
2024-06-10,36.189999,33.869999,35.759998,35.759998
2024-06-11,36.410000,35.090000,35.259998,35.259998
2024-06-12,36.900002,31.691000,32.119999,32.119999
2024-06-13,33.439999,30.780001,31.110001,31.110001
2024-06-14,32.549999,29.650000,32.500000,32.500000
2024-06-17,32.270000,30.809999,31.070000,31.070000
2024-06-18,31.160000,30.520000,30.650000,30.650000
2024-06-20,30.570000,29.520000,29.670000,29.670000
2024-06-21,30.250000,28.340000,28.650000,28.650000
2024-06-24,30.510000,28.350000,30.160000,30.160000
2024-06-25,30.959999,29.510000,30.370001,30.370001
2024-06-26,30.540001,29.120001,29.719999,29.719999
2024-06-27,30.730000,29.230000,30.650000,30.650000
2024-06-28,31.500000,30.110001,30.660000,30.660000
2024-07-01,31.500000,29.750000,30.000000,30.000000
2024-07-02,30.520000,29.540001,29.900000,29.900000
2024-07-03,30.719999,29.900000,29.930000,29.930000
2024-07-05,32.799999,30.000000,32.759998,32.759998
2024-07-08,32.990002,31.850000,32.009998,32.009998
2024-07-09,33.000000,31.450001,32.650002,32.650002
2024-07-10,33.220001,32.160000,33.189999,33.189999
2024-07-11,34.119999,32.799999,32.990002,32.990002
2024-07-12,33.889999,32.520000,33.849998,33.849998
2024-07-15,35.459999,34.090000,34.290001,34.290001
2024-07-16,34.623001,33.730000,34.000000,34.000000
2024-07-17,34.860001,33.299999,34.740002,34.740002
2024-07-18,35.250000,33.575001,34.000000,34.000000
2024-07-19,34.419998,33.320000,33.860001,33.860001
2024-07-22,34.560001,33.511002,34.540001,34.540001
2024-07-23,36.424999,34.320000,36.410000,36.410000
2024-07-24,36.474998,34.610001,35.000000,35.000000
2024-07-25,35.476002,33.660000,34.419998,34.419998
2024-07-26,35.270000,34.040001,34.709999,34.709999
2024-07-29,36.160000,34.529999,34.599998,34.599998
2024-07-30,36.845001,34.639999,36.610001,36.610001
2024-07-31,38.500000,36.759998,37.200001,37.200001
2024-08-01,37.459999,34.520000,34.580002,34.580002
2024-08-02,33.939999,30.809999,31.049999,31.049999
2024-08-05,30.750000,28.600000,30.049999,30.049999
2024-08-06,31.065001,29.660000,30.959999,30.959999
2024-08-07,31.860001,30.709999,31.090000,31.090000
2024-08-08,32.029999,30.280001,31.490000,31.490000
2024-08-09,32.459999,30.969999,31.750000,31.750000
2024-08-12,31.940001,31.010000,31.290001,31.290001
2024-08-13,32.730000,31.520000,32.110001,32.110001
2024-08-14,32.590000,31.690001,31.709999,31.709999
2024-08-15,33.645000,32.000000,33.619999,33.619999
2024-08-16,34.860001,33.150002,33.410000,33.410000
2024-08-19,36.365002,33.750000,35.860001,35.860001
2024-08-20,36.250000,35.389999,35.950001,35.950001
2024-08-21,36.720001,35.160000,36.360001,36.360001
2024-08-22,36.959999,36.000000,36.169998,36.169998
2024-08-23,37.000000,34.799999,34.950001,34.950001
2024-08-26,35.860001,34.939999,35.590000,35.590000
2024-08-27,35.900002,35.180000,35.419998,35.419998
2024-08-28,35.255001,33.450001,34.209999,34.209999
2024-08-29,35.200001,33.639999,33.770000,33.770000
2024-08-30,34.990002,34.000000,34.820000,34.820000
2024-09-03,35.077999,32.770000,32.860001,32.860001
2024-09-04,33.410000,31.834999,32.630001,32.630001
2024-09-05,32.970001,32.009998,32.139999,32.139999
2024-09-06,32.619999,30.639999,30.719999,30.719999
2024-09-09,32.430000,30.840000,32.060001,32.060001
2024-09-10,31.750000,29.180000,31.580000,31.580000
2024-09-11,33.900002,30.580000,33.500000,33.500000
2024-09-12,32.240002,30.240000,30.750000,30.750000
2024-09-13,31.004999,30.090000,30.500000,30.500000
2024-09-16,31.740000,30.760000,31.379999,31.379999
2024-09-17,32.450001,30.365000,32.240002,32.240002
2024-09-18,32.230000,31.100000,31.540001,31.540001
2024-09-19,33.130001,32.180000,32.700001,32.700001
2024-09-20,33.720001,31.920000,33.290001,33.290001
2024-09-23,33.610001,32.660000,33.369999,33.369999
2024-09-24,33.820000,33.189999,33.549999,33.549999
2024-09-25,33.673000,31.090000,31.520000,31.520000
2024-09-26,31.929001,30.350000,31.740000,31.740000
2024-09-27,32.330002,31.049999,31.959999,31.959999
2024-09-30,32.389999,31.260000,32.150002,32.150002
2024-10-01,31.950001,30.670000,31.360001,31.360001
2024-10-02,31.709999,30.360001,31.389999,31.389999
2024-10-03,32.889999,31.010000,32.599998,32.599998
2024-10-04,33.299999,32.000000,33.189999,33.189999
2024-10-07,33.200001,32.529999,32.950001,32.950001
2024-10-08,35.090000,32.730000,34.630001,34.630001
2024-10-09,36.000000,34.619999,35.990002,35.990002
2024-10-10,38.932999,35.619999,38.709999,38.709999
2024-10-11,40.360001,38.470001,39.540001,39.540001
2024-10-14,39.910000,38.903000,39.259998,39.259998
2024-10-15,40.040001,38.930000,39.130001,39.130001
2024-10-16,39.419998,38.290001,38.869999,38.869999
2024-10-17,40.750000,38.619999,39.480000,39.480000
2024-10-18,41.330002,39.169998,39.540001,39.540001
2024-10-21,39.980000,38.160000,38.520000,38.520000
2024-10-22,38.919998,37.650002,38.610001,38.610001
2024-10-23,38.561001,37.380001,37.689999,37.689999
2024-10-24,39.119999,37.669998,38.910000,38.910000
2024-10-25,40.790001,39.110001,39.400002,39.400002
2024-10-28,41.000000,39.400002,40.580002,40.580002
2024-10-29,43.950001,40.801998,42.599998,42.599998
2024-10-30,42.990002,41.500000,42.599998,42.599998
2024-10-31,42.959999,41.049999,41.259998,41.259998
2024-11-01,41.939999,41.020000,41.380001,41.380001
2024-11-04,42.150002,40.980000,41.520000,41.520000
2024-11-05,42.448002,41.180000,41.549999,41.549999
2024-11-06,44.130001,42.810001,43.290001,43.290001
2024-11-07,44.980000,43.299999,44.470001,44.470001
2024-11-08,45.090000,43.799999,44.759998,44.759998
2024-11-11,45.900002,43.480000,44.320000,44.320000
2024-11-12,44.999001,43.629002,44.810001,44.810001
2024-11-13,45.609001,43.650002,44.580002,44.580002
2024-11-14,45.160000,43.439999,44.500000,44.500000
2024-11-15,44.680000,42.009998,43.240002,43.240002
2024-11-18,44.290001,43.080002,43.830002,43.830002
2024-11-19,44.279999,42.500000,44.209999,44.209999
2024-11-20,45.490002,43.759998,45.150002,45.150002
2024-11-21,49.730000,46.000000,49.119999,49.119999
2024-11-22,51.580002,49.369999,51.049999,51.049999
2024-11-25,52.750000,49.849998,50.389999,50.389999
2024-11-26,51.299999,49.770000,50.020000,50.020000
2024-11-27,50.770000,48.938000,49.660000,49.660000
2024-11-29,51.988998,50.060001,50.820000,50.820000
2024-12-02,51.799999,49.275002,49.430000,49.430000
2024-12-03,51.169998,48.150002,50.930000,50.930000
2024-12-04,54.000000,51.320000,52.619999,52.619999
2024-12-05,54.900002,52.020000,53.660000,53.660000
2024-12-06,72.660004,62.060001,64.629997,64.629997
2024-12-09,70.180000,63.349998,69.790001,69.790001
2024-12-10,73.900002,67.650002,69.230003,69.230003
2024-12-11,72.080002,69.410004,70.419998,70.419998
2024-12-12,74.989998,70.000000,74.190002,74.190002
2024-12-13,72.695000,69.680000,72.180000,72.180000
2024-12-16,75.790001,71.800003,75.510002,75.510002
2024-12-17,75.221001,71.870003,72.970001,72.970001
2024-12-18,72.912003,67.050003,68.050003,68.050003
2024-12-19,70.416000,65.099998,66.980003,66.980003
2024-12-20,67.830002,63.849998,66.120003,66.120003
2024-12-23,67.940002,65.080002,67.169998,67.169998
2024-12-24,69.639999,64.300003,67.930000,67.930000
2024-12-26,69.690002,67.550003,68.379997,68.379997
2024-12-27,68.790001,66.559998,68.349998,68.349998
2024-12-30,71.300003,65.580002,68.269997,68.269997
2024-12-31,68.462997,65.050003,65.360001,65.360001
2025-01-02,66.870003,64.050003,66.349998,66.349998
2025-01-03,69.358002,65.080002,66.900002,66.900002
2025-01-06,70.580002,65.820000,68.500000,68.500000
2025-01-07,69.589996,63.599998,64.339996,64.339996
2025-01-08,65.000000,62.060001,63.189999,63.189999
2025-01-10,64.000000,60.529999,63.459999,63.459999
2025-01-13,66.291000,62.740002,65.050003,65.050003
2025-01-14,66.000000,63.730000,65.089996,65.089996
2025-01-15,68.750000,64.559998,66.730003,66.730003
2025-01-16,68.584999,62.529999,68.239998,68.239998
2025-01-17,70.099998,67.330002,67.900002,67.900002
2025-01-21,72.190002,68.510002,71.360001,71.360001
2025-01-22,73.099998,70.919998,71.349998,71.349998
2025-01-23,71.639999,69.519997,70.309998,70.309998
2025-01-24,71.959999,70.410004,70.989998,70.989998
2025-01-27,73.279999,67.400002,69.010002,69.010002
2025-01-28,74.500000,69.019997,73.190002,73.190002
2025-01-29,75.250000,71.760002,74.110001,74.110001
2025-01-30,76.209999,72.800003,74.029999,74.029999
2025-01-31,77.224998,73.250000,73.269997,73.269997
2025-02-03,71.809998,68.739998,70.870003,70.870003
2025-02-04,74.190002,70.099998,74.080002,74.080002
2025-02-05,75.980003,73.879997,75.589996,75.589996
2025-02-06,76.550003,74.129997,75.339996,75.339996
2025-02-07,79.050003,74.139999,74.489998,74.489998
2025-02-10,77.709999,74.900002,76.959999,76.959999
2025-02-11,76.783997,72.519997,72.900002,72.900002
2025-02-12,78.278999,71.199997,77.550003,77.550003
2025-02-13,80.000000,77.065002,78.720001,78.720001
2025-02-14,79.800003,76.559998,77.540001,77.540001
2025-02-18,78.400002,75.000000,78.089996,78.089996
2025-02-19,76.860001,73.199997,74.190002,74.190002
2025-02-20,73.550003,68.580002,72.220001,72.220001
2025-02-21,72.699997,69.190002,69.699997,69.699997
2025-02-24,69.260002,65.190002,67.720001,67.720001
2025-02-25,67.584999,62.590000,63.860001,63.860001
2025-02-26,67.209999,65.010002,65.839996,65.839996
2025-02-27,68.139999,64.230003,64.300003,64.300003
2025-02-28,65.260002,62.639999,65.120003,65.120003
2025-03-03,68.320000,60.980000,61.369999,61.369999
2025-03-04,63.060001,58.180000,61.560001,61.560001
2025-03-05,63.230000,59.563000,62.849998,62.849998
2025-03-06,62.230000,58.209999,58.590000,58.590000
2025-03-07,59.150002,54.509998,57.349998,57.349998
2025-03-10,55.900002,51.453999,51.840000,51.840000
2025-03-11,55.080002,51.085999,53.820000,53.820000
2025-03-12,59.919998,56.553001,57.110001,57.110001
2025-03-13,57.110001,55.000000,55.279999,55.279999
2025-03-14,71.199997,64.800003,70.639999,70.639999
2025-03-17,72.410004,68.110001,70.839996,70.839996
2025-03-18,71.440002,68.750000,70.010002,70.010002
2025-03-19,71.930000,69.279999,70.959999,70.959999
2025-03-20,71.742996,69.000000,70.190002,70.190002
2025-03-21,69.419998,67.400002,68.190002,68.190002
2025-03-24,73.820000,69.279999,73.459999,73.459999
2025-03-25,76.110001,73.402000,74.279999,74.279999
2025-03-26,71.419998,67.010002,68.610001,68.610001
2025-03-27,68.730003,65.180000,66.000000,66.000000
2025-03-28,65.320000,61.419998,63.660000,63.660000
2025-03-31,61.799999,58.660000,60.980000,60.980000
2025-04-01,61.290001,58.750000,60.470001,60.470001
2025-04-02,63.849998,59.759998,62.430000,62.430000
2025-04-03,60.779999,56.689999,57.450001,57.450001
2025-04-04,55.200001,49.119999,51.770000,51.770000
2025-04-07,56.910000,47.349998,53.020000,53.020000
2025-04-08,57.639999,51.709999,52.810001,52.810001
2025-04-09,62.630001,52.375999,61.689999,61.689999
2025-04-10,61.340000,57.750000,58.349998,58.349998
2025-04-11,59.360001,56.005001,59.009998,59.009998
2025-04-14,62.709999,59.070000,60.049999,60.049999
2025-04-15,63.380001,60.450001,63.310001,63.310001
2025-04-16,63.580002,60.310001,62.320000,62.320000
2025-04-17,62.910000,60.730000,61.610001,61.610001
2025-04-21,61.610001,57.900002,59.279999,59.279999
2025-04-22,62.880001,60.080002,61.889999,61.889999
2025-04-23,68.180000,64.519997,65.550003,65.550003
2025-04-24,68.589996,65.809998,68.209999,68.209999
2025-04-25,69.849998,67.528000,69.839996,69.839996
2025-04-28,70.190002,68.290001,69.760002,69.760002
2025-04-29,71.549004,69.510002,70.739998,70.739998
2025-04-30,70.660004,67.699997,70.529999,70.529999
2025-05-01,72.330002,70.010002,71.110001,71.110001
2025-05-02,73.684998,71.730003,73.330002,73.330002
2025-05-05,77.339996,72.239998,74.669998,74.669998
2025-05-06,74.589996,71.309998,74.239998,74.239998
2025-05-07,76.330002,74.000000,75.809998,75.809998
2025-05-08,77.970001,75.269997,76.570000,76.570000
2025-05-09,79.790001,76.000000,76.879997,76.879997
2025-05-12,79.379997,76.309998,78.610001,78.610001
2025-05-13,84.470001,78.879997,83.099998,83.099998
2025-05-14,84.650002,82.125000,84.610001,84.610001
2025-05-15,86.000000,82.059998,85.519997,85.519997
2025-05-16,87.500000,85.065002,85.309998,85.309998
2025-05-19,86.750000,82.016998,86.720001,86.720001
2025-05-20,89.089996,86.690002,89.010002,89.010002
2025-05-21,89.839996,86.410004,87.750000,87.750000
2025-05-22,92.309998,87.415001,91.110001,91.110001
2025-05-23,93.110001,88.314003,92.349998,92.349998
2025-05-27,95.389999,92.309998,94.849998,94.849998
2025-05-28,95.900002,93.510002,94.089996,94.089996
2025-05-29,97.760002,93.945000,95.379997,95.379997
2025-05-30,95.589996,93.000000,95.349998,95.349998
2025-06-02,99.790001,94.529999,99.739998,99.739998
2025-06-03,99.980003,97.936996,98.070000,98.070000
2025-06-04,99.400002,97.540001,98.540001,98.540001
2025-06-05,101.800003,97.811996,98.570000,98.570000
2025-06-06,103.000000,95.000000,97.910004,97.910004
2025-06-09,97.000000,92.364998,93.150002,93.150002
2025-06-10,90.769997,86.540001,87.550003,87.550003
2025-06-11,89.739998,86.650002,88.860001,88.860001
2025-06-12,90.199997,88.377998,88.739998,88.739998
2025-06-13,92.330002,87.379997,90.300003,90.300003
2025-06-16,94.230003,91.183998,92.000000,92.000000
2025-06-17,91.192001,88.790001,89.129997,89.129997
2025-06-18,89.209999,85.489998,87.169998,87.169998
2025-06-20,87.980003,84.809998,85.510002,85.510002
2025-06-23,89.949997,84.560997,89.709999,89.709999
2025-06-24,90.629997,88.699997,90.099998,90.099998
2025-06-25,93.639999,90.400002,90.559998,90.559998
2025-06-26,92.860001,89.010002,92.099998,92.099998
2025-06-27,89.995003,86.680000,87.379997,87.379997
2025-06-30,90.169998,88.160004,89.589996,89.589996
2025-07-01,89.629997,83.510002,85.180000,85.180000
2025-07-02,85.839996,83.514999,85.580002,85.580002
2025-07-03,89.290001,85.989998,89.080002,89.080002
2025-07-07,91.160004,87.099998,89.849998,89.849998
2025-07-08,90.900002,85.000000,86.870003,86.870003
2025-07-09,92.029999,87.040001,91.589996,91.589996
2025-07-10,92.989998,85.849998,86.139999,86.139999
2025-07-11,87.120003,83.771004,84.540001,84.540001
2025-07-14,86.959999,83.080002,85.839996,85.839996
2025-07-15,87.599998,85.000000,87.339996,87.339996
2025-07-16,89.190002,86.720001,87.489998,87.489998
2025-07-17,87.900002,83.269997,86.930000,86.930000
2025-07-18,89.610001,86.800003,88.110001,88.110001
2025-07-21,88.120003,85.410004,86.529999,86.529999
2025-07-22,86.355003,83.019997,83.769997,83.769997
2025-07-23,85.355003,83.120003,84.839996,84.839996
2025-07-24,86.000000,83.620003,85.709999,85.709999
2025-07-25,86.779999,84.199997,85.000000,85.000000
2025-07-28,87.300003,84.900002,87.110001,87.110001
2025-07-29,93.139999,86.309998,89.220001,89.220001
2025-07-30,95.629997,88.080002,95.419998,95.419998
2025-07-31,97.860001,94.580002,94.949997,94.949997
2025-08-01,91.320000,83.559998,87.650002,87.650002
2025-08-04,92.830002,88.620003,92.519997,92.519997
2025-08-05,93.980003,87.449997,87.540001,87.540001
2025-08-06,92.239998,88.000000,91.769997,91.769997
2025-08-07,93.918999,86.709999,89.739998,89.739998
2025-08-08,91.160004,86.900002,87.410004,87.410004
2025-08-11,89.019997,85.019997,85.699997,85.699997
2025-08-12,88.800003,85.750000,88.349998,88.349998
2025-08-13,91.660004,87.470001,88.080002,88.080002
2025-08-14,88.110001,83.769997,84.449997,84.449997
2025-08-15,85.930000,83.879997,85.830002,85.830002
2025-08-18,86.150002,84.610001,85.720001,85.720001
2025-08-19,87.220001,82.750000,83.970001,83.970001
2025-08-20,85.239998,79.830002,85.099998,85.099998
2025-08-21,86.370003,83.849998,85.239998,85.239998
2025-08-22,88.800003,84.910004,88.769997,88.769997
2025-08-25,90.440002,87.739998,87.830002,87.830002
2025-08-26,89.599998,85.120003,85.169998,85.169998
2025-08-27,88.709999,86.393997,87.529999,87.529999
2025-08-28,94.940002,87.220001,93.029999,93.029999
2025-08-29,93.455002,88.539001,89.400002,89.400002
2025-09-02,88.760002,85.779999,87.900002,87.900002
2025-09-03,89.220001,86.500000,87.720001,87.720001
2025-09-04,88.099998,85.169998,86.550003,86.550003
2025-09-05,91.739998,85.820000,90.930000,90.930000
2025-09-08,97.019997,92.360001,95.610001,95.610001
2025-09-09,99.750000,95.089996,98.500000,98.500000
2025-09-10,95.050003,80.599998,80.720001,80.720001
2025-09-11,82.216003,77.489998,77.889999,77.889999
2025-09-12,78.180000,73.849998,74.500000,74.500000
2025-09-15,78.120003,74.300003,75.599998,75.599998
2025-09-16,75.570000,73.919998,75.000000,75.000000
2025-09-17,75.169998,72.680000,73.889999,73.889999
2025-09-18,78.529999,75.400002,78.019997,78.019997
2025-09-19,80.930000,77.580002,80.230003,80.230003
2025-09-22,80.769997,77.865997,80.489998,80.489998
2025-09-23,83.370003,79.321999,81.459999,81.459999
2025-09-24,82.264999,77.980003,79.120003,79.120003
2025-09-25,83.970001,76.559998,81.989998,81.989998
2025-09-26,82.494003,79.800003,82.150002,82.150002
2025-09-29,83.860001,81.199997,83.339996,83.339996
2025-09-30,84.000000,80.089996,82.250000,82.250000
2025-10-01,83.970001,81.028000,82.430000,82.430000
2025-10-02,84.730003,82.720001,83.940002,83.940002
2025-10-03,84.915001,82.389999,82.820000,82.820000
2025-10-06,85.341003,82.190002,82.209999,82.209999
2025-10-07,82.900002,76.839996,79.500000,79.500000
2025-10-08,84.349998,80.169998,84.250000,84.250000
2025-10-09,86.949997,82.389999,86.099998,86.099998
2025-10-10,88.050003,82.320000,82.339996,82.339996
2025-10-13,85.410004,81.540001,83.190002,83.190002
2025-10-14,81.989998,78.160004,78.169998,78.169998
2025-10-15,81.459999,78.199997,79.059998,79.059998
2025-10-16,81.459999,77.946999,78.639999,78.639999
2025-10-17,77.940002,75.739998,77.220001,77.220001
2025-10-20,79.449997,77.529999,78.809998,78.809998
2025-10-21,81.389999,78.470001,79.879997,79.879997
2025-10-22,79.279999,75.150002,76.849998,76.849998
2025-10-23,78.620003,76.059998,76.860001,76.860001
2025-10-24,80.070000,76.940002,76.989998,76.989998
2025-10-27,78.930000,77.339996,77.790001,77.790001
2025-10-28,78.820000,75.989998,76.120003,76.120003
2025-10-29,75.974998,70.889999,71.919998,71.919998
2025-10-30,72.769997,70.000000,71.050003,71.050003
2025-10-31,75.779999,72.000000,75.269997,75.269997
2025-11-03,76.612000,73.809998,75.800003,75.800003
2025-11-04,74.124001,71.919998,72.599998,72.599998
2025-11-05,72.599998,71.559998,72.349998,72.349998
2025-11-06,73.290001,70.220001,71.529999,71.529999
2025-11-07,73.214996,69.949997,73.029999,73.029999
2025-11-10,76.779999,74.864998,76.070000,76.070000
2025-11-11,76.400002,74.750000,75.629997,75.629997
2025-11-12,76.400002,73.805000,73.949997,73.949997
2025-11-13,73.500000,69.599998,70.510002,70.510002
2025-11-14,72.328003,67.580002,71.550003,71.550003
2025-11-17,72.800003,68.955002,69.690002,69.690002
2025-11-18,70.680000,67.620003,68.800003,68.800003
2025-11-19,70.790001,68.580002,70.080002,70.080002
2025-11-20,72.139999,67.235001,67.690002,67.690002
2025-11-21,68.000000,64.750000,66.589996,66.589996
2025-11-24,68.540001,66.642998,67.389999,67.389999
2025-11-25,69.089996,65.809998,68.889999,68.889999
2025-11-26,69.500000,68.120003,68.169998,68.169998
2025-11-28,70.209999,68.419998,69.320000,69.320000
2025-12-01,69.934998,67.482002,68.599998,68.599998
2025-12-02,70.820000,69.220001,69.400002,69.400002
2025-12-03,71.660004,68.419998,71.410004,71.410004
2025-12-04,71.949997,69.669998,70.430000,70.430000
2025-12-05,90.260002,84.330002,86.269997,86.269997
2025-12-08,89.720001,84.860001,89.099998,89.099998
2025-12-09,92.570000,88.070000,91.309998,91.309998
2025-12-10,92.765999,89.531998,89.910004,89.910004
2025-12-11,89.598999,85.500000,87.080002,87.080002
2025-12-12,86.330002,80.778000,81.529999,81.529999
2025-12-15,83.250000,79.800003,79.889999,79.889999
2025-12-16,79.500000,76.709999,77.910004,77.910004
2025-12-17,77.839996,73.010002,73.190002,73.190002
2025-12-18,76.820000,74.419998,75.910004,75.910004
2025-12-19,79.459999,76.650002,78.180000,78.180000
2025-12-22,80.699997,78.099998,79.709999,79.709999
2025-12-23,79.650002,78.000000,78.750000,78.750000
2025-12-24,78.989998,77.750000,78.800003,78.800003
2025-12-26,79.410004,77.559998,78.660004,78.660004
2025-12-29,78.699997,77.250000,78.010002,78.010002
2025-12-30,78.730003,77.529999,77.870003,77.870003
2025-12-31,78.000000,76.199997,76.480003,76.480003
2026-01-02,78.779999,74.275002,75.470001,75.470001
2026-01-05,75.565002,72.910004,73.500000,73.500000
2026-01-06,75.360001,71.860001,75.110001,75.110001
2026-01-07,77.599998,75.220001,76.870003,76.870003
2026-01-08,76.459999,71.459999,71.669998,71.669998
2026-01-09,72.489998,70.410004,70.559998,70.559998
2026-01-12,71.629997,69.040001,71.370003,71.370003
2026-01-13,72.339996,69.879997,70.820000,70.820000
2026-01-14,70.870003,67.930000,68.139999,68.139999
2026-01-15,70.750000,68.394997,69.050003,69.050003
2026-01-16,69.199997,66.930000,67.099998,67.099998
2026-01-20,67.370003,64.830002,64.879997,64.879997
2026-01-21,65.559998,63.200001,64.349998,64.349998
2026-01-22,66.114998,64.695000,65.099998,65.099998
2026-01-23,66.440002,65.050003,65.669998,65.669998
2026-01-26,69.059998,66.000000,68.320000,68.320000
2026-01-27,67.849998,61.830002,62.259998,62.259998
2026-01-28,65.260002,62.560001,63.189999,63.189999
2026-01-29,62.505001,56.869999,57.970001,57.970001
2026-01-30,58.189999,55.580002,55.950001,55.950001
2026-02-02,56.590000,54.029999,54.450001,54.450001
2026-02-03,54.775002,50.009998,52.150002,52.150002
2026-02-04,52.099998,48.575001,51.869999,51.869999
2026-02-05,53.270000,48.105000,48.340000,48.340000
2026-02-06,51.389999,48.150002,51.070000,51.070000
2026-02-09,54.889999,49.860001,54.060001,54.060001
2026-02-10,56.639999,54.785000,55.830002,55.830002
2026-02-11,56.369999,53.080002,55.119999,55.119999
2026-02-12,55.880001,51.820000,53.189999,53.189999
2026-02-13,55.820000,53.459999,54.549999,54.549999
2026-02-17,54.650002,52.018002,53.500000,53.500000
2026-02-18,55.055000,51.880001,54.389999,54.389999
2026-02-19,54.886002,53.009998,54.160000,54.160000
2026-02-20,55.424999,49.800999,50.200001,50.200001
2026-02-23,49.000000,46.360001,47.259998,47.259998
2026-02-24,51.160000,46.900002,51.040001,51.040001
2026-02-25,52.180000,50.080002,52.160000,52.160000
2026-02-26,54.959999,52.230000,54.330002,54.330002
2026-02-27,53.000000,51.185001,51.959999,51.959999
2026-03-02,54.430000,50.980000,53.689999,53.689999
2026-03-03,54.029999,50.029999,53.869999,53.869999
2026-03-04,54.990002,52.980000,54.869999,54.869999
2026-03-05,57.990002,54.919998,55.880001,55.880001
2026-03-06,58.160000,55.139999,57.169998,57.169998
2026-03-09,57.650002,55.110001,57.169998,57.169998
2026-03-10,57.549999,55.000000,55.950001,55.950001
2026-03-11,57.790001,55.889999,57.520000,57.520000
2026-03-12,57.939999,53.900002,54.020000,54.020000
2026-03-13,56.849998,52.400002,53.430000,53.430000
2026-03-16,54.000000,51.200001,51.669998,51.669998
2026-03-17,53.090000,51.070000,52.060001,52.060001
2026-03-18,53.564999,51.220001,52.090000,52.090000
2026-03-19,52.869999,50.369999,50.919998,50.919998
2026-03-20,50.889999,49.099998,49.279999,49.279999
2026-03-23,51.889999,49.000000,51.180000,51.180000
2026-03-24,50.680000,48.000000,48.070000,48.070000
2026-03-25,49.459999,46.700001,47.180000,47.180000
2026-03-26,48.759998,46.001999,47.590000,47.590000
2026-03-27,46.950001,44.750000,45.730000,45.730000
2026-03-30,47.430000,45.035000,45.580002,45.580002
2026-03-31,49.080002,46.130001,48.970001,48.970001
2026-04-01,49.700001,47.730000,48.590000,48.590000
2026-04-02,52.095001,48.080002,51.439999,51.439999
2026-04-06,52.000000,50.099998,50.900002,50.900002
2026-04-07,53.220001,49.910000,52.779999,52.779999
2026-04-08,56.000000,51.459999,51.630001,51.630001
2026-04-09,51.075001,45.019001,46.180000,46.180000
2026-04-10,46.700001,42.250000,43.810001,43.810001
2026-04-13,48.650002,44.040001,48.610001,48.610001
2026-04-14,51.005001,47.250000,48.029999,48.029999
2026-04-15,51.919998,48.689999,51.360001,51.360001
2026-04-16,53.720001,51.520000,51.939999,51.939999
2026-04-17,54.419998,51.724998,52.340000,52.340000
2026-04-20,53.740002,51.790001,53.599998,53.599998
2026-04-21,56.500000,53.730000,54.020000,54.020000
2026-04-22,55.820000,53.970001,55.240002,55.240002
2026-04-23,53.250000,49.881001,51.029999,51.029999
2026-04-24,52.759998,50.255001,52.279999,52.279999
2026-04-27,54.049999,51.360001,53.259998,53.259998
2026-04-28,55.790001,53.099998,54.580002,54.580002
2026-04-29,54.275002,52.691002,53.680000,53.680000
2026-04-30,53.849998,52.090000,53.180000,53.180000
2026-05-01,56.970001,54.400002,55.070000,55.070000
2026-05-04,58.189999,55.189999,57.930000,57.930000
2026-05-05,59.160000,56.439999,57.130001,57.130001
2026-05-06,57.930000,55.509998,57.779999,57.779999
2026-05-07,62.470001,60.380001,61.490002,61.490002
2026-05-08,62.490002,59.320000,62.340000,62.340000
2026-05-11,62.930000,61.099998,62.169998,62.169998
2026-05-12,62.040001,60.099998,60.470001,60.470001
2026-05-13,60.470001,58.040001,59.480000,59.480000
2026-05-14,63.619999,58.602001,62.799999,62.799999
2026-05-15,64.579002,61.759998,63.770000,63.770000
2026-05-18,65.400002,62.230000,64.980003,64.980003
2026-05-19,67.309998,64.080002,64.330002,64.330002
2026-05-20,67.220001,63.299999,66.889999,66.889999
2026-05-21,66.535004,64.675003,64.790001,64.790001
2026-05-22,67.220001,64.894997,66.589996,66.589996
2026-05-26,69.529999,64.930000,68.309998,68.309998
2026-05-27,67.000000,64.517998,65.809998,65.809998
2026-05-28,72.349998,65.989998,70.320000,70.320000
2026-05-29,78.879997,71.010002,78.629997,78.629997
2026-06-01,86.455002,79.150002,85.070000,85.070000
2026-06-02,84.510002,80.586998,82.330002,82.330002
2026-06-03,80.730003,76.087997,79.459999,79.459999
2026-06-04,78.250000,75.709999,77.000000,77.000000
2026-06-05,78.080002,71.989998,73.410004,73.410004
2026-06-08,74.000000,70.769997,71.730003,71.730003
2026-06-09,72.669998,67.940002,71.739998,71.739998
2026-06-10,75.320000,70.099998,71.320000,71.320000
2026-06-11,72.180000,67.570000,71.449997,71.449997
2026-06-12,71.750000,67.809998,68.190002,68.190002
2026-06-15,70.459999,67.000000,69.790001,69.790001
2026-06-16,71.120003,68.510002,69.180000,69.180000
2026-06-17,71.000000,67.650002,69.239998,69.239998
2026-06-18,70.489998,66.370003,70.220001,70.220001
2026-06-22,73.870003,68.550003,70.529999,70.529999
2026-06-23,75.150002,69.510002,74.239998,74.239998
2026-06-24,76.204002,72.735001,74.519997,74.519997
2026-06-25,73.084999,69.750000,71.019997,71.019997
2026-06-26,72.665001,70.059998,72.330002,72.330002
2026-06-29,77.879997,72.320000,76.519997,76.519997
2026-06-30,81.730003,75.360001,80.279999,80.279999
2026-07-01,83.989998,80.430000,82.010002,82.010002
2026-07-02,84.500000,81.389999,83.639999,83.639999
2026-07-06,89.349998,82.595001,87.360001,87.360001
2026-07-07,89.800003,84.720001,87.040001,87.040001
2026-07-08,87.500000,83.280998,84.400002,84.400002
2026-07-09,88.879997,81.540001,88.750000,88.750000
2026-07-10,90.440002,83.779999,84.379997,84.379997
2026-07-13,84.792999,81.410004,83.839996,83.839996
2026-07-14,89.800003,82.674004,88.050003,88.050003
2026-07-15,89.853996,79.480003,80.379997,80.379997
2026-07-16,81.489998,78.339996,79.820000,79.820000
2026-07-17,80.095001,76.754997,78.970001,78.970001
2026-07-20,80.120003,77.903999,78.180000,78.180000
2026-07-21,79.239998,74.790001,75.800003,75.800003
2026-07-22,75.605003,73.000000,73.690002,73.690002
2026-07-23,74.250000,71.559998,72.629997,72.629997
2026-07-24,73.949997,71.570000,73.239998,73.239998
2026-07-27,76.449997,73.610001,74.820000,74.820000
2026-07-28,74.474998,67.309998,71.449997,71.449997
2026-07-29,73.970001,71.099998,71.910004,71.910004
2026-07-30,73.024002,69.959999,71.580002,71.580002
2026-07-31,73.669998,70.129997,72.360001,72.360001
2026-08-03,75.019997,73.080002,74.739998,74.739998
2026-08-04,81.440002,75.639999,80.989998,80.989998
2026-08-05,84.900002,81.279999,84.809998,84.809998
2026-08-06,84.870003,80.660004,84.599998,84.599998
2026-08-07,91.050003,86.989998,90.070000,90.070000
2026-08-10,99.949997,90.000000,97.910004,97.910004
2026-08-11,99.362999,95.750000,96.930000,96.930000
2026-08-12,97.589996,94.750000,96.730003,96.730003
2026-08-13,105.279999,96.900002,105.089996,105.089996
2026-08-14,106.500000,101.459999,102.230003,102.230003
2026-08-17,102.570000,98.370003,101.019997,101.019997
2026-08-18,104.199997,98.500000,100.550003,100.550003
2026-08-19,101.699997,96.389999,99.779999,99.779999
2026-08-20,100.627998,97.290001,97.519997,97.519997
2026-08-21,100.339996,94.639999,100.089996,100.089996
2026-08-24,100.440002,97.019997,98.040001,98.040001
2026-08-25,98.790001,90.150002,92.650002,92.650002
2026-08-26,96.989998,90.500000,96.129997,96.129997
2026-08-27,107.910004,101.500000,107.019997,107.019997
2026-08-28,107.370003,93.000999,93.050003,93.050003
2026-08-31,93.510002,88.690002,93.040001,93.040001
2026-09-01,94.000000,87.599998,88.400002,88.400002
2026-09-02,89.575996,86.019997,87.180000,87.180000
2026-09-03,93.000000,88.900002,92.139999,92.139999
2026-09-04,94.610001,91.769997,93.669998,93.669998
2026-09-08,93.309998,89.820000,91.629997,91.629997
2026-09-09,93.000000,88.699997,88.820000,88.820000
2026-09-10,92.919998,87.127998,88.910004,88.910004
2026-09-11,90.239998,85.779999,86.650002,86.650002
2026-09-14,100.504997,89.120003,100.199997,100.199997
2026-09-15,103.675003,97.599998,103.550003,103.550003
2026-09-16,105.550003,101.000000,104.980003,104.980003
2026-09-17,108.970001,101.379997,107.830002,107.830002
2026-09-18,109.000000,103.129997,106.709999,106.709999
2026-09-21,113.160004,106.000000,112.959999,112.959999
2026-09-22,113.949997,110.250000,111.870003,111.870003
2026-09-23,116.120003,110.059998,115.570000,115.570000
2026-09-24,115.305000,112.389999,113.800003,113.800003
2026-09-25,114.000000,109.180000,109.550003,109.550003
2026-09-28,114.000000,105.900002,113.089996,113.089996
2026-09-29,114.974998,111.410004,114.769997,114.769997
2026-09-30,116.750000,114.415001,114.470001,114.470001
2026-10-01,117.050003,113.570000,115.400002,115.400002
